Node,Power (MW)
Node 1,16138.433858000002
Node 2,36311.4761805
Node 3,28242.2592515
